18 Districts,"store 
code",Business Hrs 1,Business Hrs 1,Business Hrs 2,Business Hrs 2,Business Hrs 3,Business Hrs 3,ADDRESS
Wong Tai Sin,417,Mon-Sun,09:00-20:00,---,---,---,---,"Shop No.213 & 214, 2/F., Fung Tak Shopping Centre, Wong Tai Sin, Kln."
Kowloon City,227,Mon-Sun,09:30-22:00,---,---,---,---,"Unit MTR-09, Festival Walk, 80 Tat Chee Avenue, Kowloon Tong, Kln."
Sha Tin,112,Mon-Sun,09:00-21:30,---,---,---,---,"Shop No.113, G/F, Hin Keng Shopping Ctr, Hin Keng Estate, Shatin, N.T."
Wong Tai Sin,920,Mon-Sun,10:00-21:00,---,---,---,---,"Shop No. B14, B1/F, Kai Chuen Shopping Centre, Kai Chuen Court (Phase 2), Diamond Hill, Wong Tai Sin, Kowloon"
Wong Tai Sin,530,Mon-Thu,09:30-21:30,Fri-Sun,09:30-22:00,---,---,"Shop No. N210A, Level 2, Temple Mall North, 136 Lung Cheung Road, Wong Tai Sin, Kln"
Wong Tai Sin,898,Mon-Sun,09:30-22:00,---,---,---,---,"Shop No.3183A, 3/F., Lok Fu Place, 198 Junction Road, Wong Tai Sin,  Kowloon"
Sha Tin,325,Mon-Sun,09:00-21:30,---,---,---,---,"Shops 20-22, G/F., Mei Lam Shopping Centre, Mei Lam Estate, Tai Wai, N.T."
Sha Tin,327,Mon-Sun,10:30-21:00,---,---,---,---,"Shops 103 & 104, 1/F., Mei Tin Shopping Centre, Mei Tin Estate, Tai Wai, N.T."
Wong Tai Sin,116,Mon-Sun,10:00-22:00,---,---,---,---,"Shop 377-378, Plaza Hollywood, Diamond Hill, Kln."
Sha Tin,529,Mon-Sun,09:30-20:00,---,---,---,---,"Shop 7, G/F, Sun Chui Shopping Centre, Sun Chui Estate, Tai Wai, N.T."
Sha Tin,107,Mon-Sun,09:00-22:00,---,---,---,---,"Shop No.10 G/F Grandeur Garden Shopping Arcade, 55-56 Tai Wai Rd, Tai Wai, N.T."
Sha Tin,931,Mon-Sun,10:00-22:00,---,---,---,---,"Shop Units 302-303, 3rd Floor, The Wai, Shatin, N.T."
Sha Tin,324,Mon-Sun,10:30-22:00,---,---,---,---,"Shops 12 & 13, Paid Concourse, MTR Tai Wai Station, N.T."
North,477,Mon-Sun,09:00-21:00,---,---,---,---,"Shop 19-21, UG/F, Avon Park, 15 Yat Ming Road, Fanling, N.T."
North,532,Mon-Sun,09:00-21:30,---,---,---,---,"Shop 106a, Metropolis Plaza, 8 Lung Wan Street, Sheung Shui, N.T."
North,536,Mon-Sun,09:00-21:30,---,---,---,---,"Shop No. R8, 3/F, Choi Yuen Plaza, Choi Yuen Estate, 
Sheung Shui, N.T."
North,358,Mon-Sun,09:00-22:00,---,---,---,---,"Shop 9, Ching Ho Shopping Centre, Ching Ho Estate, Sheung Shui, N.T."
North,105,Mon-Sun,09:00-22:00,---,---,---,---,"Shop A56-A59, G/F, Flora Plaza, 88 Pak Wo Road, Fanling, N.T."
North,328,Mon-Sun,09:00-21:30,---,---,---,---,"Shops. LMC 119 & 120, MTR Lok Ma Chau Station, N.T."
North,376,Mon-Sun,09:00-21:00,---,---,---,---,"Shop Low 108, MTR Lo Wu Station, Lo Wu, N.T."
North,834,Mon-Sun,12:00-16:00,---,---,---,---,"Shop No. LOW K13, MTR Lo Wu Station, Lo Wu, N.T."
North,492,Mon-Sun,09:00-21:30,---,---,---,---,"Shop Nos.2077D-H,2/F,Sheung Shui Centre, No.3 Chi Cheong Road,Sheung Shui, N.T."
North,166,Mon-Sun,09:00-21:30,---,---,---,---,"Shop A & B, G/F, Lung Ha Building, Nos. 122-130 San Fung Avenue, Shek Wu Hui, Sheung Shui, New Territories"
North,381,Mon-Sun,09:00-21:00,---,---,---,---,"G/F., No.96 San Hong Street, Sheung Shui, N.T."
North,819,Mon-Sun,09:00-21:30,---,---,---,---,"Shop 419-423, Level 4, Landmark North, 39 Lung Sum Avenue, Shek Wu Hui, Sheung Shui, N.T."
North,885,Mon-Sun,09:00-21:00,---,---,---,---,"Shop 3, G/F, Yung Shing Shopping Centre, Yung Shing Court, Fanling, N.T."
North,900,Mon-Sun,09:00-21:00,---,---,---,---,"Shop No. LMC 117, MTR Lok Ma Chau Station, N.T."
Tai Po,890,Mon-Sun,10:00-22:00,---,---,---,---,"Shop 269-270, 2/F, Zone B, Tai Po Mega Mall, Tai Po, N.T."
North,873,Mon-Sun,10:00-21:00,---,---,---,---,"Shop 5, G/F, Commune Modern, 28 Wo Fung Street, 
Fanling, New Territories
"
Tai Po,822,Mon-Sun,09:00-22:00,---,---,---,---,"Shop Nos. 15-16, G/F, Eightland Gardens, Tai Po, N.T."
Tai Po,959,Mon-Sun,09:00-21:00,---,---,---,---,"Shop No. 15, G/F, Fu Tip Shopping Centre, Fu Tip Estate (Phase 2), Tai Po, N.T."
Tai Po,115,Mon-Sun,09:30-22:00,---,---,---,---,"Shop 28, Fu Heng Shopping Centre, Fu Heng Estate, Tai Po, N.T. "
North,872,Mon-Sun,09:00-22:00,---,---,---,---,"Shop 139-142, G/F, Fanling Centre, 33 San Wan Road, Fanling, N.T."
North,300,Mon-Sun,11:30-20:00,---,---,---,---,"Shop No. 111,1/F., Ka Fuk Shopping Centre, Ka Fuk Estate, Fanling, N.T."
Tai Po,299,Mon-Sun,11:00-19:30,---,---,---,---,"Shop Nos. 206-209, 1/F., Kwong Fuk Shopping Centre, Kwong Fuk Estate, Tai Po, N.T."
North,213,Mon-Sun,09:00-22:00,---,---,---,---,"Shop 1 & 2, Level 1, Regentville Phase 1, 8 Wo Mun Street, Luen Wo Hui, Fanling, N.T."
Tai Po,522,Mon-Sun,10:00-22:00,---,---,---,---,"Shop Nos. 055 & 056, Level 2 of Zone A of Tai Po Mega Mall, Tai Po, N.T."
Tai Po,881,Mon-Sun,10:00-22:00,---,---,---,---,"Shop A048-A050, Level 1, Uptown Plaza, 9 Nam Wan Road, Tai Po, N.T."
Tai Po,493,Mon-Sun,08:30-21:30,---,---,---,---,"Shop E, G/F, Mee Fat Building, 34-38 & 42-48 Tai Wing Lane, Tai Po, N.T."
Tai Po,199,Mon-Sun,11:00-19:30,---,---,---,---,"Shop 29, Shopping Centre, Wan Tau Tong Estate, Tai Po, N.T."
Tai Po,816,Mon-Sun,09:00-22:00,---,---,---,---,"Shop 201, Level 2, Tai Wo Plaza, Tai Wo Estate, 12 Tai Po Tai Wo Road, Tai Po, N.T.
"
Tai Po,271,Mon-Sun,09:00-20:30,---,---,---,---,"Shop 1, G/F., New Annex Block, Tai Yuen Shopping Ctr, Tai Yuen Estate, Tai Po, N.T."
Kwai Tsing,901,Mon-Sun,09:00-20:30,---,---,---,---,"Shop Nos. 313-315, 3/F, Cheung Hang Shopping Centre, Cheung Hang Estate, Tsing Yi, N.T. "
Kwai Tsing,190,Mon-Sun,09:00-21:00,---,---,---,---,"85 Wo Tong Tsui Street, Kwai Hing. N.T."
Kwai Tsing,494,Mon-Sun,09:00-21:30,---,---,---,---,"Kiosk No.KWH 5, MTR Kwai Hing Station, Kwai Hing, N.T."
Kwai Tsing,918,Mon-Sun,09:00-21:00,---,---,---,---,"Shop 131, Level 1, Kwai Shing East Shopping Centre, Kwai Shing East Estate, Kwai Chung, N.T."
Kwai Tsing,295,Mon-Sun,09:00-21:00,---,---,---,---,"Shop No. 104, Kwai Chung Shopping Centre, Kwai Chung Estate Phase III, Sheung Kok Street, Kwai Chung, N.T."
Kwai Tsing,818,Mon-Sun,10:00-22:00,---,---,---,---,"Shop Nos. 417-419, Level 4, Metroplaza, Kwai Fong, N.T."
Kwai Tsing,830,Mon-Sun,09:00-22:00,---,---,---,---,"Shop 8- 10, G/F, Foon Tak Building, 38-44 Shing Fong Street, Kwai Chung, N.T."
Kwai Tsing,365,Mon-Sun,09:00-22:00,---,---,---,---,"Shop 125, Lei Muk Shue Shopping Centre, Tsuen Wan, N.T."
Tsuen Wan,245,Mon-Sun,11:30-20:00,---,---,---,---,"Shop S10, Level 1, Park Island - Pier, Ma Wan, NT"
Kwai Tsing,903,Mon-Sun,09:00-22:00,---,---,---,---,"Shop Nos. B322 & B323, 3/F, Shek Lei Shopping Centre (Phase 2), Shek Lei Estate, Kwai Chung, N.T"
Kwai Tsing,277,Mon-Sun,08:30-21:00,---,---,---,---,"Shop No. 1, G/F., Tin On House, 96 Shek Yam Road, Kwai Chung, N.T."
Kwai Tsing,039,Mon-Sun,09:00-22:00,---,---,---,---,"Shop No, 217, 2/F, Cheung Fat Plaza, Cheung Fat Estate, Tsing Yi, N.T."
Sha Tin,113,Mon-Sun,09:00-22:00,---,---,---,---,"Shop No.110 & 111, Chung On Shopping Centre, Ma On Shan, N.T."
Sha Tin,030,Mon-Sun,09:00-22:00,---,---,---,---,"Shop 221-222,Level 2, Heng On Estate Shopping Centre, Ma On Shan, Shatin, N.T."
Sha Tin,057,Mon-Sun,09:00-22:00,---,---,---,---,"CB4, Shop 1-3, Kwong Yuen Estate, Shatin, N.T."
Sha Tin,899,Mon-Sun,10:00-22:00,---,---,---,---,"Shop G10, Lake Silver, 599 Sai Sha Road, Ma On Shan, N.T."
Sha Tin,500,Mon-Sun,11:30-20:00,---,---,---,---,"Shop No. 2A, G/F, 1 On Ping Street, Shatin, N.T."
Sha Tin,240,Mon-Sun,09:00-20:30,---,---,---,---,"Shop 107-109, Pok Hong Shopping Centre, Shatin, N.T."
Sha Tin,883,Mon-Sun,11:30-20:00,---,---,---,---,"Shop P12, P1/F, Shek Mun Shopping Centre, 
Shek Mun Estate (Phase 2), Shatin"
Sha Tin,810,Mon-Thu,10:00-22:00,Fri-Sun,09:30-22:00,---,---,"Shop No. 2108, Level 2, MOSTown, Ma On Shan, N.T."
Sha Tin,827,Mon-Sun,10:00-21:00,---,---,---,---,"Shop No. G10, G/F, 16 Po Tai Street, Ma On Shan, N.T."
Sha Tin,367,Mon-Sun,09:00-22:00,---,---,---,---,"Shop No. 119-120, Level 1, Yu Chui Shopping Centre, Yu Chui Court, Shatin, N.T."
Sha Tin,542,Mon-Sun,09:00-21:00,---,---,---,---,"Shop No. 204, 2/F, Shui Chuen O Plaza, Shui Chuen O Estate, Shatin, N.T."
Sha Tin,437,Mon-Sun,11:30-20:00,---,---,---,---,"Shop Units G63-65, Plaza Ascot, Fotan, N.T."
Sha Tin,847,Mon-Sun,10:00-21:00,---,---,---,---,"Shop A213, Level 2, New Town Plaza Phase III, Shatin, N.T."
Sha Tin,290,Mon-Sun,12:00-20:30,---,---,---,---,"Shop Nos. 12-13, G/F., Greenwood Garden, 7-11 Sha Kok Street, Shatin, N.T."
Sha Tin,210,Mon-Sun,10:30-21:00,---,---,---,---,"Shop 214, 2/F, Lek Yuen Shopping Centre, Lek Yuen Estate, Shatin, N.T."
Sha Tin,484,Mon-Sun,09:00-22:00,---,---,---,---,"Shop Nos.307 and 307A, Level 3, New Town Plaza (Phase I), Shatin, N.T."
Sha Tin,027,Mon-Sun,09:00-22:00,---,---,---,---,"Shop G30-G32, Fortune City One, City One, Shatin, N.T."
Sha Tin,499,Mon-Sun,08:30-22:00,---,---,---,---,"Shop 235, 2/F, Sha Kok Shopping Centre, Sha Kok Estate, 5 Sha Kok Street, Shatin, NT"
Sha Tin,936,Mon-Sun,10:00-22:00,---,---,---,---,"Shop No. 48, Level 3, Shatin Plaza, Shatin, N.T."
Sha Tin,161,Mon-Sun,11:00-19:30,---,---,---,---,"Shop No.G11, G12, G.F, Sui Wo Shopping Centre, Shatin, N.T."
Sha Tin,098,Mon-Sun,09:00-22:00,---,---,---,---,"Shop 261, 2/F Wo Che Shopping Centre, Wo Che Estate, Shatin, N.T."
Sha Tin,902,Mon-Sun,10:00-20:00,---,---,---,---,"Shop No.G13, G/F, Chun Yeung Shopping Centre, Chun Yeung Estate, Fo Tan, Shatin, N.T."
Southern,915,Mon-Sun,09:30-21:00,---,---,---,---,"Unit No. 122, First Floor, Marina Square West Commercial Block, South Horizons, Ap Lei Chau, H.K. "
Central & Western,230,Mon-Sun,11:00-19:30,---,---,---,---,"Ground Floor, 57 Bonham Road, H.K."
Central & Western,177,Mon-Sun,09:00-22:00,---,---,---,---,"Shop 1, G/F, Leader House, 57-61 Belcher's Street, H.K."
Central & Western,438,Mon-Sun,11:00-20:30,---,---,---,---,"Shop C,G/F,Luen Hong Apartments,No 116-122 & 122A Belcher's Street,H.K."
Southern,016,Mon-Sun,11:30-20:00,---,---,---,---,"Shop 303, Chi Fu Landmark, Pokfulam, H.K."
Central & Western,247,Mon-Sun,09:30-21:30,---,---,---,---,"Shop A, G/F., Lai Yan Lau, 42-56 Queen's Road West, Sheung Wan, H.K."
Southern,388,Mon-Sun,08:30-22:00,---,---,---,---,"Shop Nos. 106-107, 1/F., Port Centre, Aberdeen, H.K."
Southern,933,Mon-Sun,09:00-22:00,---,---,---,---,"Portion of Ground Floor, Harrow Mansion,170-172 Aberdeen Main Road,Aberdeen,H.K."
Central & Western,155,Mon-Sun,10:30-20:30,---,---,---,---,"Shop C, G/F, Good Time Building, 230-236 Queen's Road West, H.K."
Central & Western,160,Mon-Sun,12:30-21:00,---,---,---,---,"Shop 8, G/F, Fairview Height, 1 Seymour Road, H.K."
Central & Western,090,Mon-Sun,11:00-19:30,---,---,---,---,"Shop 6, 1/F, Welland Building, 368 Queen's Road, Central, H.K."
Central & Western,138,Mon-Sun,09:30-20:30,---,---,---,---,"Shop No. 8, G/F., Hang Yue Building, No. 334-350 Des Voeux Road West, H.K."
Central & Western,289,Mon-Fri,10:00-22:00,Sat-Sun & PH,09:00-22:00,---,---,"G/F., Ko Leung Mansion, 572-574 Queen's Road West, Hong Kong"
Central & Western,207,Mon-Sun,10:00-22:00,---,---,---,---,"Shop 237, Level 2, The Westwood, 8 Belcher's Street, Kennedy Town, H.K."
Southern,256,Mon-Sun,09:00-21:00,---,---,---,---,"Shop No. 714-715, Wah Chun House, Wah Fu (1) Estate, H.K."
Central & Western,141,Mon-Fri,08:30-20:00,Sat-Sun & PH,10:00-19:00,---,---,"G/F, Amtel Building, 144-148 Des Voeux Road Central, Sheung Wan, H.K."
Island,144,Mon-Sun,11:30-20:00,---,---,---,---,"G/F, 31 Praya Road, Cheung Chau, H.K."
Wan Chai,316,Mon-Fri,09:00-22:00,Sat-Sun & PH,09:30-21:30,---,---,"Shops C, E, F, G & J, G/F., Everwin Mansion, 18 Johnston Road, Wanchai, H.K."
Wan Chai,389,Mon-Sun,09:30-21:00,---,---,---,---,"Shop A & B, 269-273 Hennessy Road, Wan Chai, H.K."
Wan Chai,345,Mon-Sun,09:00-22:00,---,---,---,---,"G/F., No 25-27 Sing Woo Road, Happy Valley, H.K."
Central & Western,267,Mon-Fri,09:00-21:30,Sat-Sun & PH,10:00-21:00,---,---,"Shop No.2004 on Podium Level Two, IFC mall, 1 Harbour View Street, Central, H.K."
Wan Chai,892,Mon-Sun,11:00-19:30,---,---,---,---,"G/F, Tower 188, 188-190 Hennessy Road, Wan Chai, Hong Kong"
Central & Western,906,Mon-Sun,10:00-21:00,---,---,---,---,"Shop HOK 48, MTR Hong Kong Station, H.K."
Wan Chai,170,Mon-Fri,09:00-22:00,Sat-Sun & PH,09:30-22:00,---,---,"G08, G/F, Mall Plus, 388 Hennessy Road, Wanchai, HK"
Central & Western,427,Mon-Fri,09:30-18:00,Sat-Sun & PH,10:00-18:30,---,---,"Shop No.203, 2/F, Shun Tak Centre, 200 Connaught Road Central, Sheung Wan, Hong Kong"
Wan Chai,509,Mon-Fri,08:30-21:00,Sat-Sun & PH,09:00-21:00,---,---,"Shops E & F, G/F, New Spring Garden Mansion, 47-65 Spring Garden Lane, Wan Chai, H.K."
Wan Chai,281,Mon-Fri,09:00-19:00,Sat-Sun & PH,10:00-18:30,---,---,"Shop G14-G18, G/F., Sun Hung Kai Centre, Wan Chai, H.K."
Central & Western,025,Mon-Sat,09:00-20:30,Sun & PH,09:30-20:00,---,---,"Shop 02, G/F Regent Centre, 88 Queen's Road, Central, H.K."
Wan Chai,361,Mon-Fri,11:00-19:30,Sat-Sun & PH,11:00-19:30,---,---,"Shop B, G/F, Yee Hong Building, Nos. 212-214 Wan Chai Road, H.K."
Eastern,254,Mon-Fri,08:30-21:00,Sat-Sun & PH,09:30-21:00,---,---,"Shop A, G/F, Cambridge House, Taikoo Place, Quarry Bay, H.K."
Eastern,017,Mon-Sun,12:00-20:30,---,---,---,---,"33 Cloudview Road, North Point, H.K."
Eastern,273,Mon-Sun,10:00-22:00,---,---,---,---,"Shop 420, City Plaza 1, 18 Tai Koo Shing Road, Island East, H.K."
Eastern,158,Mon-Fri,08:30-22:00,Sat-Sun & PH,09:00-22:00,---,---,"Shop 5-6, G/F, AIA Tower, 183 Electric Road, North Point, H.K."
Eastern,313,Mon-Sun,09:00-22:00,---,---,---,---,"Shop No. L37 Lower Ground Floor, Fitfort, 560 King's Road, North Point, H.K."
Eastern,523,Mon-Sun,09:00-22:30,---,---,---,---,"Shop 02, G/F, Fortress Tower, 250 King’s Road, North Point, Hong Kong"
Eastern,535,Mon-Sun,09:30-21:30,---,---,---,---,"Shop S30, 2/F & Shop S8-S10, Upper Floor of East Footbridge, Kornhill Plaza, 1-2 Kornhill Road, Hong Kong"
Eastern,124,Mon-Sun,09:00-22:30,---,---,---,---,"Shop B, G/F North Point Cape Commercial Bldg., 386-388 King's Road, North Point, H.K."
Wan Chai,248,Mon-Sun,09:30-23:00,---,---,---,---,"Shop B, G/F., 517 Jaffe Road, Causeway Bay, H.K."
Wan Chai,865,Mon-Sun,09:30-22:00,---,---,---,---,"G/F, 8 Pak Sha Road, Causeway Bay, Hong Kong"
Eastern,849,Mon-Sun,09:00-20:30,---,---,---,---,"Shop 102, Lower G/F, Fok Cheong Building, 
1032-1044 King's Road, Quarry Bay, HK
"
Wan Chai,905,Mon-Sun,09:00-22:00,---,---,---,---,"Shop B & C, G/F, 68 Electric Road, Tin Hau, H.K."
Wan Chai,871,Mon-Sun,11:00-21:00,---,---,---,---,"Shop No. 917, 9/F, Times Square, Causeway Bay, Hong Kong"
Wan Chai,813,Mon-Sun,10:00-22:00,---,---,---,---,"Shop Nos. 311-312, 3/F, Windsor House, 311 Gloucester Road, Causeway Bay, H.K."
Wan Chai,960,Mon-Sun,11:00-20:00,---,---,---,---,"Shop No. L2-12, Level 2, The World Trade Centre, 280 Gloucester Road, Causeway Bay, HK"
Eastern,209,Mon-Sun,09:00-21:00,---,---,---,---,"Shop 157 - 159, Paradise Mall, Heng Fa Chuen, Chai Wan, H.K."
Eastern,413,Mon-Sun,09:30-20:30,---,---,---,---,"Shop G05 & G06, G/F, Hing Wah Shopping Centre, Chai Wan, Hong Kong"
Eastern,296,Mon-Sun,09:00-21:30,---,---,---,---,"Shop No. 10, G/F., Hing Tung Shopping Centre, Hing Tung Estate, Shau Kei Wan, H.K."
Eastern,476,Mon-Sun,09:30-20:30,---,---,---,---,"Shop UG 51 & UG52A, UG/F, Island Resort Mall, 28 Siu Sai Wan Road, H.K."
Eastern,380,Mon-Sun,10:00-20:30,---,---,---,---,"Shop No. GD20-21A, G/F, Site D, No.25 Tai On Street, Lei King Wan, H.K."
Eastern,087,Mon-Sun,09:00-21:30,---,---,---,---,"Shop 1-11, L4, New Jade Shopping Arcade, Chai Wan, H.K."
Eastern,204,Mon-Sun,09:00-22:00,---,---,---,---,"Shop 111, Oi Tung Shopping Centre, Oi Tung Estate Shau Kei Wan, H.K."
Eastern,276,Mon-Sun,09:00-22:00,---,---,---,---,"Shop G7 & A6, G/F., Tai On Bldg., 57-87 Shau Kei Wan Road, Shau Kei Wan, H.K."
Eastern,829,Mon-Sun,09:00-22:00,---,---,---,---,"Shop No. 110A, 1/F, Siu Sai Wan Plaza, Siu Sai Wan Road, 
Chai Wan, H.K."
Eastern,424,Mon-Sun,11:00-20:30,---,---,---,---,"Shop 2, G/F, Yue Fung House, Yue Wan Estate, Chai Wan, H.K."
Eastern,310,Mon-Sun,10:30-20:00,---,---,---,---,"Shop No. 201, 2/F., Yiu Tung Shopping Centre, Yiu Tung Estate, Shau Kei Wan. H.K."
Eastern,513,Mon-Sun,09:30-20:30,---,---,---,---,"Shop No. 4, G/F, Hong Tai Building, Nos. 326-332 Shau Kei Wan Road, Hong Kong"
Yuen Long,939,Mon-Sun,10:00-21:30,---,---,---,---,"Shop No. 2008, Level 2, YOHO MALL I, No. 9 Long Yat Road, Yuen Long, N.T."
Tuen Mun,919,Mon-Sun,09:30-21:00,---,---,---,---,"Shop G12, G/F, Ching Tin Shopping Centre, Ching Tin Estate, Tuen Mun, N.T."
Yuen Long,249,Mon-Sun,11:00-20:30,---,---,---,---,"Shop No. 2, G/F, Block D, Town Centre, Fairview Park, Yuen Long, N.T."
Yuen Long,527,Mon-Sun,10:00-21:00,---,---,---,---,"Shop No. 9 & 10, G/F, Hung Fuk Shopping Centre, 
Hung Shui Kiu, Yuen Long, N.T."
Yuen Long,372,Mon-Sun,11:30-20:00,---,---,---,---,"Shop No. 3, G/F., Beauty Court, no.3 Hung Tai Road, Hung Shui Kiu, Yuen Long, N.T."
Yuen Long,374,Mon-Sun,09:00-21:30,---,---,---,---,"Shop Nos. 4, G/F, Kwong Wah Centre, 34-36 Fau Tsoi Street, Yuen Long, N.T."
Yuen Long,841,Mon-Sun,09:00-22:00,---,---,---,---,"Shop No. 7, G/F, Hing Fat House, Nos 9-13 Kau Yuk Road, Yuen Long, N.T."
Tuen Mun,832,Mon-Sun,09:30-21:00,---,---,---,---,"Shop No. G06, G/F, Yan Tin Shopping Centre, Yan Tin Estate, Tuen Mun, N.T."
Yuen Long,457,Mon-Sun,09:30-21:30,---,---,---,---,"Shop M006 & M007, Mezzanine Floor, Kang Ping House, Blk 5, Long Ping Estate, Yuen Long, N.T."
Yuen Long,433,Mon-Sun,09:00-21:00,---,---,---,---,"Shop Nos.4A&4B, G/F, Yuen Long Centre, No. 51-59 Sau Fu Street,  Yuen Long, N.T."
Yuen Long,446,Mon-Sun,10:30-21:30,---,---,---,---,"Shop No.73, G/F, Fortune Centre, Nos.15-21 Fung Kam Street, Yuen Long, N.T."
Yuen Long,866,Mon-Sun,09:00-21:00,---,---,---,---,"G/F, 21 Tung Lok Street, Yuen Long, N.T."
Yuen Long,498,Mon-Sun,11:00-21:00,---,---,---,---,"Shop A212a, Level 2, YOHO MALL, 8-9 Long Yat Road & 9 Yuen Lung Street, Yuen Long, N.T."
Yuen Long,533,Mon-Sun,10:00-21:30,---,---,---,---,"Shop 130 & 181-183, 1/F, Yuen Long Plaza, Yuen Long, N.T."
Tuen Mun,534,Mon-Sun,09:00-21:30,---,---,---,---,"Shop Nos.17-18, G/F, Blossom Garden, 11 Leung Tak Street, Tuen Mun, N.T."
Tuen Mun,231,Mon-Sun,09:30-20:30,---,---,---,---,"Shop 211, 2/F., Fu Tai Shopping Centre, 9 Tuen Kwai Road, Tuen Mun, N.T."
Yuen Long,319,Mon-Sun,09:30-21:30,---,---,---,---,"Shop 104, 1/F., Grandeur Terrace, 88 Tin Shui Road, Tin Shui Wai, N.T."
Tuen Mun,049,Mon-Sun,09:00-21:30,---,---,---,---,"Shop No. L217, Level 2, Leung King Plaza, Leung King Estate, Tuen Mun, N.T."
Tuen Mun,917,Mon-Sun,10:00-21:00,---,---,---,---,"Shop Nos. 22 & 23, G/F, NOVO WALK, 8 Yan Po Road, Tuen Mun, N.T."
Tuen Mun,514,Mon-Sun,10:30-20:00,---,---,---,---,"Shop No. 226, Siu Hong Shopping Centre, Siu Hong Court, Tuen Mun, N.T."
Yuen Long,173,Mon-Sun,09:00-21:30,---,---,---,---,"Shop C61 & C62, 1/F, Richly Plaza, Tin Shui Wai, Yuen Long, N.T."
Yuen Long,811,Mon-Sun,09:00-21:30,---,---,---,---,"Shop No. 210A, 2/F, Tin Chak Shopping Centre, Tin Chak Estate, Tin Shui Wai, N.T."
Yuen Long,359,Mon-Sun,11:30-20:00,---,---,---,---,"Shop 8, Tin Ching Shopping Centre, Tin Ching Estate, Tin Shui Wai, N.T."
Yuen Long,937,Mon-Sun,09:00-21:30,---,---,---,---,"Shop No. G21, G/F, Tin Shui Shopping Centre, Tin Shui Estate, Tin Shui Wai, N.T."
Yuen Long,877,Mon-Sun,09:00-21:30,---,---,---,---,"Shop SG25, G/F, T Town South, No. 30 Tin Wah Road, 
Tin Shui Wai, Yuen Long, N.T."
Tuen Mun,259,Mon-Sun,09:00-22:00,---,---,---,---,"Shop No. 6-9, Unpaid Concourse, MTR Siu Hong Station, N.T."
Yuen Long,198,Mon-Sun,09:00-21:30,---,---,---,---,"Shop No.L029, G/F, Tin Yiu Plaza, Tin Shui Wai, N.T."
Yuen Long,541,Mon-Sun,09:00-21:30,---,---,---,---,"Shop No. L102, 1/F, Tin Shing Shopping Centre, 
Tin Shing Court, 3 Tin Ching Street, Tin Shui Wai, Yuen Long, N.T."
Tuen Mun,215,Mon-Sun,08:30-21:00,---,---,---,---,"Shop No. R123, Level 1, Butterfly Plaza, Tuen Mun, N.T."
Tuen Mun,318,Mon-Sun,09:00-20:30,---,---,---,---,"Shop No. 66A, G/F., Chi Lok Fa Yuen, Tuen Mun, N.T."
Tuen Mun,547,Mon-Sun,10:00-21:00,---,---,---,---,"Shop G2A, G/F, Chelsea Height, 1 Shek Pai Tau Path, 
Tuen Mun, N.T."
Tuen Mun,165,Mon-Sun,09:30-21:30,---,---,---,---,"Shop 55, 56 & 58, Glorious Garden, 45 Lung Mun Road, Tuen Mun, N.T."
Tuen Mun,135,Mon-Sun,10:00-22:00,---,---,---,---,"Shop Nos.2199B-2199F, 2/F, Phase 1, Tuen Mun Town Plaza, 1 Tuen Shun Street, Tuen Mun, N.T."
Tuen Mun,520,Mon-Sun,09:30-21:30,---,---,---,---,"Shop Nos. S229-230, Lv2, Zone S, H.A.N.D.S, Yau Oi Estate, Yau Oi Road, Tuen Mun, N.T."
Tuen Mun,132,Mon-Sun,08:30-20:00,---,---,---,---,"Shop C, Shops D and E, G/F, Forward Mansion, 26A Yan Ching St, Tuen Mun, N.T."
Tuen Mun,314,Mon-Sun,09:00-21:30,---,---,---,---,"Shop Nos. 1 & 85-86, Ocean Walk, 168-236 Wu Chui Road, Tuen Mun, N.T."
Tuen Mun,448,Mon-Sun,11:00-19:30,---,---,---,---,"Shop Nos. 213-214, Level 2, Hanford Plaza, No.333 Castle Peak Road (Castle Peak Bay), Tuen Mun, N.T."
Tuen Mun,909,Mon-Sun,09:00-21:00,---,---,---,---,"Shop 106C & 106D, LG/F, Shan King Shopping Centre, Shan King Estate, Tuen Mun, N.T."
Tuen Mun,415,Mon-Sun,09:00-21:30,---,---,---,---,"Shop Nos.8, 9 & 39, Level 3, South Wing, Trend Plaza, Tuen Mun, N.T."
Tuen Mun,821,Mon-Sun,10:00-21:00,---,---,---,---,"Shop No. L107, G/F, Tai Hing Shopping Centre, 
Tai Hing Estate, 1 Tai Hing Street, Tuen Mun, N.T."
Tuen Mun,826,Mon-Sun,10:30-20:30,---,---,---,---,"Shop No. M-72, MTR Level, V City, 
83 Tuen Mun Heung Sze Wui Road, Tuen Mun, N.T.
"
Tuen Mun,549,Mon-Sun,10:00-21:30,---,---,---,---,"Shop M-28, 29, 30 & 31, MTR Level, V City, No. 83 Tuen Mun Heung Sze Wui Road, Tuen Mun, N.T."
Tsuen Wan,330,Mon-Sun,11:30-20:00,---,---,---,---,"Shop No. 8, Level 3, Bellagio Mall, 33 Castle Peak Road, Sham Tseng, N.T."
Tsuen Wan,526,Mon-Sun,09:00-22:00,---,---,---,---,"Shop Nos. G016 & G017, G/F, KOLOUR , 68 Chung On Street, Tsuen Wan, N.T."
Tsuen Wan,495,Mon-Sun,09:00-22:00,---,---,---,---,"Shop 2050, Level 2, Discovery Park Shopping Centre, 398 Castle Peak Road, Tsuen Wan, N.T."
Tsuen Wan,935,Mon-Sun,10:00-21:30,---,---,---,---,"Shop Nos. 202B & 203, 2/F, Nina Mall 1, No. 8 Yeung Uk Road, Tsuen Wan, N.T."
Tsuen Wan,191,Mon-Sun,09:00-22:00,---,---,---,---,"G/F, 19 Tai Ho Road, Tsuen Wan, N.T."
Tsuen Wan,317,Mon-Sun,11:30-20:00,---,---,---,---,"Shop B118, Basement 1, Panda Place of Panda Hotel, 3 Tsuen Wah Street, Tsuen Wan, N.T."
Tsuen Wan,844,Mon-Sun,10:00-20:00,---,---,---,---,"G/F & The Rear Yard & Flat Roof, No. 236 Sha Tsui Road, Tsuen Wan, N.T."
Tsuen Wan,021,Mon-Sun,09:00-22:00,---,---,---,---,"Shop 110-125, Tsuen Kam Centre, Tsuen Wan, N.T."
Kwai Tsing,908,Mon-Sun,09:00-21:30,---,---,---,---,"Shop B01 & B02, 1/F, Tai Wo Hau Commercial Centre (I), Tai Wo Hau Estate, Kwai Chung, N.T."
Tsuen Wan,356,Mon-Sun,10:00-22:00,---,---,---,---,"Shop No. G39 & G41, G/F, Citywalk, Tsuen Wan, N.T."
Tsuen Wan,399,Mon-Sun,10:00-22:00,---,---,---,---,"Shops UG70-73 & UG75-77, Upper G/F, Citywalk 2, 18 Yeung Uk Road, Tsuen Wan, N.T."
Tsuen Wan,233,Mon-Sun,09:30-22:00,---,---,---,---,"Shop Units P11A & P11B, Luk Yeung Galleria, Tsuen Wan, N.T."
Tsuen Wan,504,Mon-Sun,10:00-22:00,---,---,---,---,"Shop 308-313, Level 3, Tsuen Wan Plaza, Tsuen Wan, NT"
Yau Tsim Mong,331,Mon-Sun,10:00-22:00,---,---,---,---,"Shop 1092, Level 1, Elements, 1 Austin Road West, Kln"
Yau Tsim Mong,934,Mon-Sun,10:00-22:00,---,---,---,---,"Shop A, G/F, Fourseas Building, Nos. 208-212 Nathan Road, Tsim Sha Tsui, Kowloon"
Yau Tsim Mong,151,Mon-Sun,10:00-22:00,---,---,---,---,"Shop A, G/F, Full Win Commercial Centre, 573 Nathan Rd, Kln"
Yau Tsim Mong,531,Mon-Sun,10:00-22:00,---,---,---,---,"G/F, Cambridge House, 26-28 Cameron Road, Tsim Sha Tsui, Kln."
Yau Tsim Mong,545,Mon-Sun,10:00-22:00,---,---,---,---,"Shop 3304, Level 3, Gateway Arcade, Harbour City, Kowloon"
Yau Tsim Mong,932,Mon-Sun,10:00-22:00,---,---,---,---,"Shop on G/F & Yard, Zhong Da Building, 38-40 Haiphong Road, Tsim Sha Tsui"
Yau Tsim Mong,868,Mon-Sun,11:00-22:00,---,---,---,---,"Shop Nos.17, 20-23, MTR Floor, iSQUARE, 63 Nathan Road, Tsim Sha Tsui, Kln"
Yau Tsim Mong,264,Mon-Sun,09:00-22:30,---,---,---,---,"Shop 1, Sino Cheer Plaza, No. 23 Jordan Road, Kowloon"
Yau Tsim Mong,923,Mon-Sun,11:00-21:00,---,---,---,---,"Unit 01B, Shop B201, Level B2, K11 MUSEA, 
Victoria Dockside, 18 Salisbury Road, Tsim Sha Tsui, Kln"
Yau Tsim Mong,400,Mon-Sun,10:00-22:00,---,---,---,---,"Shop Nos. B109-B110, Basement 1, K11, No.18 Hanoi Road, Tsim Sha Tsui, Kowloon"
Yau Tsim Mong,947,Mon-Sun,10:00-22:00,---,---,---,---,"Shop 11 & 11A, G/F, China Hong Kong City, 33 Canton Road, Tsim Sha Tsui, Kowloon"
Yau Tsim Mong,848,Mon-Sun,08:30-20:30,---,---,---,---,"Shop B1-2, Concourse Level, Hong Kong West Kowloon Station, 3 Austin Road West, TST, Kln"
Yau Tsim Mong,070,Mon-Sun,10:00-22:00,---,---,---,---,"G/F, Oxford Commercial Building, 494-496 Nathan Road, Kln."
Yau Tsim Mong,175,Mon-Sun,11:30-20:00,---,---,---,---,"Shop No.101, Hoi Fu Shopping Center, Hoi Wang Road, Mongkok West, Kln."
Yau Tsim Mong,255,Mon-Sun,09:00-21:30,---,---,---,---,"Shop 3-4, G/F., Tai Fong Building, 51-65 Ivy Street, Tai Kok Tsui, Kln."
Yau Tsim Mong,047,Mon-Sun,10:00-20:00,---,---,---,---,"Shop 056-059, G/F, New Kowloon Plaza, 38 Tai Kok Tsui Road, Kln."
Yau Tsim Mong,275,Mon-Sun,10:30-20:30,---,---,---,---,"Shop 109-110, Level 1, Metro Harbour Plaza, 8 Fuk Lee Street, Tai Kok Tsui, Kln"
Yau Tsim Mong,491,Mon-Sun,10:00-22:00,---,---,---,---,"Shop A & B, G/F, Sang Fat Building, 218-220 Sai Yeung Choi Street South, 41 Bute Street, Kowloon"
Yau Tsim Mong,080,Mon-Sun,09:00-20:30,---,---,---,---,"Shop A & B1A, G/F., Man Kee Mansion, 86D Waterloo Road, Kln."
Yau Tsim Mong,516,Mon-Sun,10:30-21:00,---,---,---,---,"Shop No.162 , Level 1,Moko, 193 Prince Edward Road West, Mongkok, Kowloon"
Yau Tsim Mong,843,Mon-Sun,10:00-23:00,---,---,---,---,"Shop G20-22, G/F, Grand Plaza, 625 & 639 Nathan Road, Kowloon"
Yau Tsim Mong,430,Mon-Sun,10:00-23:00,---,---,---,---,"Shop 10-13, G/F, Sim City of Chung Kiu Co Bldg, Nos.47-51 Shan Tung Street, Mongkok, Kln"
Yau Tsim Mong,224,Mon-Sun,09:30-21:00,---,---,---,---,"Shop B & C, G/F, Tai Wah House, 50-52 Lai Chi Kok Road, Kln."
Yau Tsim Mong,922,Mon-Sun,09:00-21:00,---,---,---,---,"Shop B on G/F & Yard, Ruby Mansion, No. 38-42 Nullah Road, Prince Edward, Kowloon"
Yau Tsim Mong,337,Mon-Sun,10:30-21:00,---,---,---,---,"Shop No. UG05,Upper G/F, Olympian City 1, 11 Hoi Fai Road, West Kowloon"
Yau Tsim Mong,250,Mon-Sun,10:00-22:00,---,---,---,---,"Shop 142-143, 1/F., Olympian City 2, Tai Kok Tsui, Kln."
Kowloon City,828,Mon-Sun,09:00-22:00,---,---,---,---,"Shop No 320-321, Level 3, Homantin Plaza, Ho Man Tin Estate, Ho Man Tin, Kln"
Kowloon City,444,Mon-Sun,09:00-21:00,---,---,---,---,"Shop No. G17, Oi Man Plaza, Oi Man Estate, Homantin, Kln"
Kowloon City,426,Mon-Sun,11:30-20:30,---,---,---,---,"Shop No.G02, G/F, Grand Waterfront Plaza, 38 San Ma Tau Street, Ma Tau Kok, Kowloon"
Kowloon City,335,Mon-Sun,11:00-19:30,---,---,---,---,"Shop No. 31, G/F, Honour Building, 78-80W To Kwa Wan Road, Tokwawan, Kln."
Kowloon City,229,Mon-Sun,10:30-21:00,---,---,---,---,"Shop 54-60, 1/F, Hunghom Commercial Centre, 37-41 Ma Tau Wai Rd., Hung Hom, Kln."
Kowloon City,076,Mon-Sun,09:00-18:00,---,---,---,---,"Shop E, 1/F, Planet Square, 1-15 Tak Man Street, Hung Hom, Kln."
Kowloon City,360,Mon-Sun,09:00-22:00,---,---,---,---,"Shop 17 G1A, G/F No. 1-7 Wu Kwong Street, Hung Hom, Kln."
Wong Tai Sin,266,Mon-Sat,08:00-20:30,Sun & PH,10:30-19:00,---,---,"G/F., Nos. 74-76 Tseuk Luk Street, San Po Kong, Kln."
Kowloon City,211,Mon-Sun,09:00-22:00,---,---,---,---,"Shop 3 & 4, G/F, Metropolitan Rise, 28 Ma Tau Kok Road, Kln."
Kowloon City,875,Mon-Sun,09:00-21:30,---,---,---,---,"Shop 1, G/F, Billionnaire Luxe, 39 Nga Tsin Wai Road, Kowloon City, Kln"
Wong Tai Sin,512,Mon-Sun,09:00-21:30,---,---,---,---,"Shop 2 ,G/F, Nos.35-49 Hong Keung Street, Kowloon"
Kowloon City,074,Mon-Sun,09:00-22:00,---,---,---,---,"Shop 243A, G/F, Mei King Mansion Tokwawan Road, Tokwawan, Kln."
Sham Shui Po,081,Mon-Sun,10:00-22:00,---,---,---,---,"Shop 501B, Dragon Ctr, Level 5, 37K Yen Chow St, Sham Shui Po, Kln."
Sham Shui Po,180,Mon-Sun,09:00-22:00,---,---,---,---,"G/F, 316-318 Lai Chi Kok Road, Sham Shui Po, Kln."
Sham Shui Po,878,Mon-Sun,11:00-21:00,---,---,---,---,"Shop G01 & G02, G/F, Lai Kok Shopping Centre, Lai Kok Estate, Sham Shui Po, Kln"
Sham Shui Po,521,Mon-Sun,10:00-22:00,---,---,---,---,"Shop No. B6 & B7,G/F, Kam Wah Mansion, Nos. 226-242 Cheung Sha Wan Road, Kln"
Sham Shui Po,879,Mon-Sun,11:00-21:00,---,---,---,---,"Shop L2-1 & L2-2, Level 2, V Walk, 28 Sham Mong Road, Sham Shui Po, Kln"
Sham Shui Po,870,Mon-Sun,09:30-22:00,---,---,---,---,"Shop F110, 1/F, Fu Cheong Shopping Centre, Fu Cheong Estate, Sham Shui Po, Kln"
Sham Shui Po,463,Mon-Sun,10:00-22:00,---,---,---,---,"Shop No 9, G/F, Mei Leong House, Shek Kip Mei Estate Phase 2, Kln."
Sham Shui Po,253,Mon-Sun,10:30-21:00,---,---,---,---,"Shop A, G/F, Ample Building, Nos. 1 - 13 Woh Chai Street, Shek Kip Mei, Kln."
Sham Shui Po,079,Mon-Sun,09:30-22:00,---,---,---,---,"G/F., Maintown Plaza, 223-237 Nam Cheong St., Kln."
Sham Shui Po,168,Mon-Sun,09:30-21:30,---,---,---,---,"G/F, 10A Tai Po Road, Kln."
Sham Shui Po,223,Mon-Sun,10:00-21:00,---,---,---,---,"Shop 4, 5 & 11, G/F., Rondall Building, 168-178 Tai Po Road, Kln."
Sham Shui Po,886,Mon-Sun,10:00-22:00,---,---,---,---,"Shop L2-97 & L2-98, Level 2, V Walk, 28 Sham Mong Road, Sham Shui Po, Kln"
Sham Shui Po,142,Mon-Sun,11:00-21:30,---,---,---,---,"Flat G18A-B, G/F Apollo Shopping Ctr, 164-170 Castle Peak Rd, Shamshuipo, Kln."
Sham Shui Po,237,Mon-Fri,08:30-21:00,Sat,08:30-20:30,Sun & PH,11:00-19:00,"Units 121-123, 1/F, Cheung Sha Wan Plaza, 833 Cheung Sha Wan Road, Kln."
Sham Shui Po,297,Mon-Sun,10:00-21:00,---,---,---,---,"Shop Nos. 12 & 13, G/F., Hoi Lai Shopping Centre, Hoi Lai Estate, Sham Shui Po, Kln."
Sham Shui Po,279,Mon-Sun,10:00-21:30,---,---,---,---,"Shop Nos. 130 & 132, 1/F., Liberte, 833 Lai Chi Kok Road, Kowloon"
Sham Shui Po,065,Mon-Sun,08:30-21:00,---,---,---,---,"Shop G11, G/F, Sun Light Building, 273 Shunning Road, Kln."
Sham Shui Po,094,Mon-Sun,09:30-21:30,---,---,---,---,"Shop 99B, G/F, 69-119 Broadway, Mei Foo Sun Chuen, Kln."
Sham Shui Po,252,Mon-Sun,09:00-22:00,---,---,---,---,"Shop N72, G/F, Mount Sterling Mall, Mei Foo Sun Chuen, Kln."
Sham Shui Po,222,Mon-Sun,11:30-20:00,---,---,---,---,"Shop G01, G/F, PeakCastle, 476 Castle Peak Road, Cheung Sha Wan, Kln."
Sham Shui Po,882,Mon-Sun,10:00-21:00,---,---,---,---,"Shop G12, G/F, So Uk Shopping Centre, So Uk Estate, 
Sham Shui Po"
Sham Shui Po,502,Mon-Sun,10:00-22:00,---,---,---,---,"Shop B, G/F, TST Tower, No.388 Un Chau Street, Sham Shui Po, Kowloon"
Island,350,Mon-Sun,07:00-23:00,---,---,---,---,"Unit 7T100, Level 7, Landside Check - In Hall, Terminal 1 , Hong Kong International Airport, Lantau, H.K."
Island,835,Mon-Sun,07:00-23:00,---,---,---,---,"Unit 7E140, Departure Hall, L7, Terminal 1 (Restricted Area), Hong Kong International Airport"
Island,840,Mon-Sun,07:00-23:00,---,---,---,---,"Unit 6Z514A, Departure Hall, L6, Terminal 1 (Restricted Area), Hong Kong International Airport"
Island,409,Mon-Sun,10:00-19:00,---,---,---,---,"Unit 5E525A, Terminal 1, Hong Kong International Airport, Lantau, Hong Kong"
Island,518,Mon-Sun,07:00-23:00,---,---,---,---,"Unit 7E105,  L7 Departures Hall, Terminal 1, Hong Kong International Airport, Lantau, Hong Kong"
Kwai Tsing,095,Mon-Sun,10:00-21:00,---,---,---,---,"Shop 8-11, G/F., Comm Ctr, Broadview Garden, 1 Tsing Luk St, Tsing Yi, N.T."
Island,874,Mon-Sun,10:00-21:00,---,---,---,---,"Unit 501, 5/F, Citygate Outlets, Tung Chung, N.T."
Kwai Tsing,452,Mon-Sun,11:00-21:00,---,---,---,---,"Shop 301, Lv 3, Cheung Hong Shopping Centre No.2, Cheung Hong Estate, 12 Ching Hong Road, Tsing Yi, N.T."
Kwai Tsing,447,Mon-Sun,10:00-22:00,---,---,---,---,"Shop Unit 216-217, Level 2, Maritime Square, 33 Tsing King Road, Tsing Yi, N.T."
Island,867,Mon-Sun,10:00-21:00,---,---,---,---,"Shop G02, G/F, JoysMark, Mun Tung Estate, 
7 Chung Mun Road, Tung Chung, Lantau Island, HK
"
Island,338,Mon-Sun,09:30-22:00,---,---,---,---,"Shops 3-4, G/F., Tung Chung Crescent, Tung Chung, Lantau, H.K."
Island,837,Mon-Sun,09:00-22:00,---,---,---,---,"Shop 115 & 116, 1/F, Yat Tung Shopping Centre, 8 Yat Tung Street, Tung Chung, N.T., H.K."
Kwun Tong,474,Mon-Sun,09:00-21:00,---,---,---,---,"Shops 2 & 3, G/F, Lower Ngau Tau Kok Estate Plaza, Kln"
Kwun Tong,009,Mon-Sun,10:00-22:00,---,---,---,---,"Shop 183-185, G/F Amoy Plaza, Phase 2, 77 Ngau Tau Kok Road, Kln"
Kowloon City,916,Mon-Sun,10:00-22:00,---,---,---,---,"Shop Nos. B119-B120, B1 Floor, Airside, No. 2 Concorde Road, Kai Tak, Kowloon, Hong Kong"
Wong Tai Sin,100,Mon-Sun,09:00-22:00,---,---,---,---,"Shop S101, 1/F, Chuk Yuen Shopping Ctr, Chuk Yuen (South) Estate, Kln."
Kowloon City,497,Mon-Sun,09:30-21:30,---,---,---,---,"Shop A004,G/F, Ching Long Shopping Centre, Muk Chui Street, Kowloon City, Kowloon"
Wong Tai Sin,461,Mon-Sun,10:30-20:00,---,---,---,---,"Shop L203-204, LG2/F, Fu Yan House, Fu Shan Estate, Kowloon "
Kwun Tong,369,Mon-Sun,11:30-20:00,---,---,---,---,"Shop 281, G/F., Hung Cheuk Lau, 281 Ngau Tau Kok Road, Kwun Tong Garden Estate, Kowloon"
Kowloon City,958,Mon-Sun,10:00-21:00,---,---,---,---,"Shop No. M1-204, Level 2, Kai Tak Mall 1, Kai Tak Sports Park, Kowloon City, Kowloon, Hong Kong"
Wong Tai Sin,862,Mon-Sun,10:00-21:30,---,---,---,---,"Shop No. G56, G/F, Mikiki, 638 Prince Edward Road East, 
San Po Kong, Kln
"
Kwun Tong,031,Mon-Sun,09:00-22:00,---,---,---,---,"G/F, 7 Tung Ming Street, Kwun Tong, Kln."
Kwun Tong,284,Mon-Sun,10:30-22:00,---,---,---,---,"Shop No. L1-28 & L1-29, Level 1, APM, Millennium City 5, Kwun Tong, Kln"
Kwun Tong,480,Mon-Sun,09:00-21:00,---,---,---,---,"Shop 2182, 2183 & 2186, 2/F, Richland Gardens (Commercial & Garage Blk), Kowloon Bay, Kln"
Wong Tai Sin,146,Mon-Sun,09:00-21:00,---,---,---,---,"G/F, 18 Sheung Fung Street, Wong Tai Sin, Kln."
Kwun Tong,040,Mon-Sun,10:00-22:00,---,---,---,---,"Shop Nos. F16A & F17-F17A, Telford Plaza I, Kowloon Bay, Kln"
Wong Tai Sin,278,Mon-Sun,09:00-22:00,---,---,---,---,"Shop 537-538, 5/F, Tsz Wan Shan Shopping Centre, 23 Yuk Wah Street, Tsz Wan Shan, Kln."
Wong Tai Sin,496,Mon-Sun,09:30-22:00,---,---,---,---,"Shop A111, Upper G/F, Choi Wan Shopping Ctr (Ph 2), Choi Wan (I) Est, Ngau Chi Wan, Kln."
Kwun Tong,812,Mon-Sun,09:30-21:00,---,---,---,---,"No 228, 2/F, Kai Tin Shopping Centre, Lam Tin, Kwun Tong, Kln"
Kwun Tong,363,Mon-Sun,09:30-22:00,---,---,---,---,"Shop Nos. 34 & 36, G.F., Laguna Plaza, 88 Cha Kwo Ling Road, Kwun Tong, Kln"
Kwun Tong,817,Mon-Sun,09:00-22:00,---,---,---,---,"Shop 314, 3/F, Lok Wah Shopping Centre, Lok Wah South & North Estate, Ngau Tau Kok, Kln
"
Kwun Tong,540,Mon-Sun,09:00-21:00,---,---,---,---,"Shop No. LG02, Lower G/F, On Tat Shopping Centre, 
On Tat Estate, Kwun Tong, Kowloon"
Kwun Tong,861,Mon-Sun,09:00-21:00,---,---,---,---,"Shop 105, UG/F, On Tai Shopping Centre, On Tai Estate, 
Kwun Tong, Kln
"
Kwun Tong,234,Mon-Sun,09:00-21:00,---,---,---,---,"Shop 7, G/F., Po Tat Shopping Centre, Po Lam Road, Sau Mau Ping, Kln"
Kwun Tong,455,Mon-Sun,09:00-21:30,---,---,---,---,"Shops 117-120, G/F, Yuk Shek House, Ping Shek Estate, Kowloon"
Kwun Tong,436,Mon-Sun,09:00-21:00,---,---,---,---,"Shop No.103, 1/F., Tak Tin Shopping Centre, 223 Pik Wan Road, Lam Tin, Kln"
Kwun Tong,236,Mon-Sun,09:00-22:00,---,---,---,---,"Shop 108, 1/F, Sau Mau Ping Shopping Centre, Sau Mau Ping, Kln"
Kwun Tong,880,Mon-Sun,09:00-21:30,---,---,---,---,"Shop 201B, 2/F, Shun Lee Commercial Centre, Shun Lee Estate, 15 Lee On Road, Kwun Tong, Kln"
Kwun Tong,904,Mon-Sun,09:00-22:00,---,---,---,---,"ShopsL3-1,Level 3,Sceneway Plaza, No. 8 Sceneway Road, Lam Tin, Kln"
Kwun Tong,355,Mon-Sun,09:00-21:00,---,---,---,---,"Shop Nos. 9-10, G/F, Tin Kuen House, Shun Tin Estate, Kln"
Kwun Tong,051,Mon-Sun,09:00-21:00,---,---,---,---,"Shop 4A, Tsui Ping Shopping Circuit, Tsui Ping (North) Estate, Kwun Tong, Kln"
Sai Kung,475,Mon-Sun,10:00-21:00,---,---,---,---,"Shop Unit F68, 1/F, Pop Corn, 9 Tong Chun Street, Tseung Kwan O, N.T."
Kwun Tong,468,Mon-Sun,10:00-22:00,---,---,---,---,"Shop No. 233 2/F, Domain, Yau Tong, Kln"
Sai Kung,339,Mon-Sun,10:00-22:00,---,---,---,---,"Shop No.238A & 238B, Level 2, East Point City, 8 Chung Wa Road, Tseung Kwan O, N.T."
Sai Kung,471,Mon-Sun,09:30-21:00,---,---,---,---,"Shop 109, 1/F, Sheung Tak Shopping Ctr, Sheung Tak Est, 2 Tong Ming St, T.K.O., N.T."
Sai Kung,907,Mon-Sun,09:30-21:30,---,---,---,---,"Shop Unit 342, 3/F, The LOHAS, Tseung Kwan O, N.T"
Sai Kung,285,Mon-Sun,10:00-22:00,---,---,---,---,"Shop Unit 119-121, 1/F., The Lane, Hang Hau, Tseung Kwan O, N.T."
Sai Kung,503,Mon-Sun,09:00-21:00,---,---,---,---,"Shop 310, Choi Ming Shopping Centre, Tseung Kwan O, N.T."
Sai Kung,208,Mon-Sun,10:00-21:30,---,---,---,---,"Shop 205 & 208, Level 2, MCP Discovery, Tseung Kwan O, N.T."
Sai Kung,929,Mon-Sun,10:00-21:30,---,---,---,---,"Shop Nos. 1116 - 1118, Level One, MCP Central, Tseung Kwan O, N.T."
Sai Kung,897,Mon-Sun,10:30-21:30,---,---,---,---,"Shop 117, Level 1, Park Central, 9 Tong Tak Street, Tseung Kwan O, Sai Kung, N.T."
Sai Kung,456,Mon-Sun,10:30-22:00,---,---,---,---,"Shop Unit(s) F66-67, 1/F, PopCorn, 9 Tong Yin Street, Tseung Kwan O, New Territories"
Sai Kung,478,Mon-Sun,10:00-20:00,---,---,---,---,"Shop 116 & 117, G/F, Po Kan Hse, Po Lam Est, 18 Po Lam Rd North, Tseung Kwan O, N.T."
Sai Kung,149,Mon-Sun,10:00-19:30,---,---,---,---,"Shop Nos. 26-27, G/F, Sai Kung Town Centre, 22-40 Fuk Man Road, Sai Kung, N.T."
Sai Kung,321,Mon-Sun,10:00-20:00,---,---,---,---,"Shop 101, 5/F., Tsui Lam Square, Tsui Lam Estate, Tseung Kwan O, N.T."
Kwun Tong,425,Mon-Sun,09:30-21:30,---,---,---,---,"Shop 9, G/F, Yau Lai Shopping Centre, Yau Tong, Kln"
Kwun Tong,472,Mon-Sun,09:30-21:00,---,---,---,---,"Shop 140, 1/F, Lei Yue Mun Plaza, Yau Tong, Kln"
Island,928,Mon-Fri,09:30-19:15,Sat,10:00-19:00,Sun & PH,11:00-19:00,"Minor Portion of Shops G11 & G13, G/F Discovery Bay North Plaza, Lantau Island, HK."
,,,,,,,,